<?xml version="1.0" encoding="UTF-8"?><?xml-stylesheet type="text/xsl" href="saved.xsl"?>
<users>
  <user>
    <primary_id>aaehawkins</primary_id>
    <is_researcher>true</is_researcher>
    <researcher>
      <researcher_languages>
        <researcher_language>eng</researcher_language>
      </researcher_languages>
      <researcher_organization_affiliations>
        <researcher_organization_affiliation>
          <organization_code>CC18400</organization_code>
          <title> Assistant Professor of Economics </title>
        </researcher_organization_affiliation>
        <researcher_organization_affiliation>
          <organization_code>CC43100</organization_code>
          <title> Assistant Professor of Economics </title>
        </researcher_organization_affiliation>
      </researcher_organization_affiliations>
      <researcher_descriptions>
        <researcher_description>
          <description>&lt;h3&gt;&lt;strong&gt;Honors and Awards:&lt;/strong&gt;&lt;/h3&gt;&lt;ul&gt;&lt;li&gt;&lt;/li&gt;&lt;/ul&gt;</description>
        </researcher_description>
        <researcher_description>
          <description>&lt;h3&gt;&lt;strong&gt;Education: &lt;/strong&gt;&lt;/h3&gt;&lt;ul&gt;&lt;li&gt;  University of Michigan, Ann Arbor, Ph.D. &lt;/li&gt;&lt;li&gt;  University of Michigan, Ann Arbor, M.A. &lt;/li&gt;&lt;li&gt;  Williams College, B.A.&lt;/li&gt;&lt;/ul&gt;</description>
        </researcher_description>
        <researcher_description>
          <description>&lt;h3&gt;&lt;strong&gt;Keywords:&lt;/strong&gt;&lt;/h3&gt;&lt;ul&gt;&lt;li&gt;&lt;/li&gt;&lt;/ul&gt;</description>
        </researcher_description>
        <researcher_description>
          <description>&lt;h3&gt;&lt;strong&gt;Courses Taught:&lt;/strong&gt;&lt;/h3&gt;&lt;ul&gt;&lt;/ul&gt;</description>
        </researcher_description>
        <researcher_description>
          <description>&lt;h3&gt;&lt;strong&gt;Scholarship:&lt;/strong&gt;&lt;/h3&gt;&lt;ul&gt;&lt;/ul&gt;</description>
        </researcher_description>
      </researcher_descriptions>
    </researcher>
  </user>
  <user>
    <primary_id>alonzaslaver</primary_id>
    <is_researcher>true</is_researcher>
    <researcher>
      <researcher_languages>
        <researcher_language>eng</researcher_language>
      </researcher_languages>
      <researcher_organization_affiliations>
        <researcher_organization_affiliation>
          <organization_code>CC16200</organization_code>
          <title> Adjunct Assistant Professor of Biology </title>
        </researcher_organization_affiliation>
      </researcher_organization_affiliations>
      <researcher_descriptions>
        <researcher_description>
          <description>&lt;h3&gt;&lt;strong&gt;Honors and Awards:&lt;/strong&gt;&lt;/h3&gt;&lt;ul&gt;&lt;li&gt;&lt;/li&gt;&lt;/ul&gt;</description>
        </researcher_description>
        <researcher_description>
          <description>&lt;h3&gt;&lt;strong&gt;Education: &lt;/strong&gt;&lt;/h3&gt;&lt;ul&gt;&lt;li&gt;  Weizmann Institute of Science, Ph.D. &lt;/li&gt;&lt;li&gt;  Tel-Aviv University, M.Sc. &lt;/li&gt;&lt;li&gt;  Tel-Aviv University, B.Sc.&lt;/li&gt;&lt;/ul&gt;</description>
        </researcher_description>
        <researcher_description>
          <description>&lt;h3&gt;&lt;strong&gt;Keywords:&lt;/strong&gt;&lt;/h3&gt;&lt;ul&gt;&lt;li&gt;&lt;/li&gt;&lt;/ul&gt;</description>
        </researcher_description>
        <researcher_description>
          <description>&lt;h3&gt;&lt;strong&gt;Courses Taught:&lt;/strong&gt;&lt;/h3&gt;&lt;ul&gt;    &lt;li&gt;  BIOL  127b Introduction to Systems Biology  &lt;/li&gt;   &lt;/ul&gt;</description>
        </researcher_description>
        <researcher_description>
          <description>&lt;h3&gt;&lt;strong&gt;Scholarship:&lt;/strong&gt;&lt;/h3&gt;&lt;ul&gt;&lt;/ul&gt;</description>
        </researcher_description>
      </researcher_descriptions>
    </researcher>
  </user>
</users>
