<?xml version="1.0" encoding="UTF-8"?>
<users>
  <user>
    <primary_id>adler</primary_id>
    <is_researcher>true</is_researcher>
    <researcher>
      <researcher_languages>
        <researcher_language>eng</researcher_language>
      </researcher_languages >
      <researcher_organization_affiliations>
        <researcher_organization_affiliation>
          <organization_code>CC16700</organization_code>
          <title> Professor of Mathematics </title>
        </researcher_organization_affiliation>
      </researcher_organization_affiliations>
    </researcher>
  </user>
  <user>
    <primary_id>abcooper</primary_id>
    <is_researcher>true</is_researcher>
    <researcher>
      <researcher_languages>
        <researcher_language>eng</researcher_language>
      </researcher_languages >
      <researcher_organization_affiliations>
        <researcher_organization_affiliation>
          <organization_code>CC18100</organization_code>
          <title> Assistant Professor of History </title>
        </researcher_organization_affiliation>
        <researcher_organization_affiliation>
          <organization_code>CC18500</organization_code>
          <title> Assistant Professor of History </title>
        </researcher_organization_affiliation>
      </researcher_organization_affiliations>
    </researcher>
  </user>
  <user>
    <primary_id>ralterma</primary_id>
    <is_researcher>true</is_researcher>
    <researcher>
      <researcher_languages>
        <researcher_language>eng</researcher_language>
      </researcher_languages >
      <researcher_organization_affiliations>
        <researcher_organization_affiliation>
          <organization_code>CC16600</organization_code>
          <title> Professor of Computer Science </title>
        </researcher_organization_affiliation>
        <researcher_organization_affiliation>
          <organization_code>CC18700</organization_code>
          <title> Professor of Computer Science </title>
        </researcher_organization_affiliation>
        <researcher_organization_affiliation>
          <organization_code>CC25200</organization_code>
          <title> Professor of Computer Science </title>
        </researcher_organization_affiliation>
      </researcher_organization_affiliations>
    </researcher>
  </user>
  <user>
    <primary_id>abusch</primary_id>
    <is_researcher>true</is_researcher>
    <researcher>
      <researcher_languages>
        <researcher_language>eng</researcher_language>
      </researcher_languages >
      <researcher_organization_affiliations>
        <researcher_organization_affiliation>
          <organization_code>CC13200</organization_code>
          <title> Rose B. and Joseph Cohen Professor of Assyriology and Ancient Near Eastern Religion, Emeritus </title>
        </researcher_organization_affiliation>
      </researcher_organization_affiliations>
    </researcher>
  </user>
</users>
