<?xml version="1.0" encoding="UTF-8"?><?xml-stylesheet type="text/xsl" href="saved.xsl"?>
<users>
  <user>
    <primary_id>aaehawkins</primary_id>
    <is_researcher>false</is_researcher>
    <researcher>
      <researcher_languages>
        <researcher_language>eng</researcher_language>
      </researcher_languages >
      <researcher_organization_affiliations>
        <researcher_organization_affiliation>
          <organization_code>CC18400</organization_code>
          <title> Assistant Professor of Economics </title>
        </researcher_organization_affiliation>
        <researcher_organization_affiliation>
          <organization_code>CC43100</organization_code>
          <title> Assistant Professor of Economics </title>
        </researcher_organization_affiliation>
      </researcher_organization_affiliations>
    </researcher>
  </user>
</users>
