<?xml version="1.0" encoding="UTF-8"?><?xml-stylesheet type="text/xsl" href="saved.xsl"?><users><user><primary_id>alonzaslaver</primary_id><is_researcher>true</is_researcher><researcher><researcher_languages><researcher_language>eng</researcher_language></researcher_languages ><researcher_organization_affiliations><researcher_organization_affiliation><organization_code>CC16200</organization_code><title> Adjunct Assistant Professor of Biology </title></researcher_organization_affiliation></researcher_organization_affiliations></researcher></user></users>